[
    {
        "id": 1,
        "imageUrl": "img/event/ev1.jpg",
        "title": "여름 클리어런스",
        "date": "23.07.04 ~ 23.08.31",
        "status":"종료된 이벤트"
    },
    {
        "id": 2,
        "imageUrl": "img/event/ev2.jpg",
        "title": "끈적임없이 시원한 #여름러그",
        "date": "23.07.04 ~ 23.08.31",
        "status":"종료된 이벤트"
    },
    {
        "id": 3,
        "imageUrl": "img/event/ev3.jpg",
        "title": "여름 소재 모아보기",
        "date": "23.07.04 ~ 23.08.31",
        "status":"종료된 이벤트"
    },
    {
        "id": 4,
        "imageUrl": "img/event/ev4.jpg",
        "title": "일상에서 찾은 기분 좋은 에너지",
        "date": "23.07.04 ~ 23.08.31",
        "status":"종료된 이벤트"
    },
    {
        "id": 5,
        "imageUrl": "img/event/ev5.jpg",
        "title": "나만의 홈카페",
        "date": "23.07.04 ~ 23.08.31",
        "status":"종료된 이벤트"
    },
    {
        "id": 6,
        "imageUrl": "img/event/ev6.jpg",
        "title": "OUTLET SALE",
        "date": "23.07.04 ~ 23.08.31",
        "status":"종료된 이벤트"
    },
    {
        "id": 7,
        "imageUrl": "img/event/ev7.jpg",
        "title": "행복한 새 출발을 위한 특별한 프로모션",
        "date": "23.07.04 ~ 23.08.31",
        "status":"진행중인 이벤트"
    },
    {
        "id": 8,
        "imageUrl": "img/event/ev8.jpg",
        "title": "만원으로 쇼핑 행복 채우기",
        "date": "23.07.04 ~ 23.08.31",
        "status":"진행중인 이벤트"
    },
    {
        "id": 9,
        "imageUrl": "img/event/ev9.jpg",
        "title": "단 3일, 욕실용품 주말특가",
        "date": "23.07.04 ~ 23.08.31",
        "status":"진행중인 이벤트"
    },
    {
        "id": 10,
        "imageUrl": "img/event/ev10.jpg",
        "title": "모두를 만족시키는 식탁",
        "date": "23.07.04 ~ 23.08.31",
        "status":"진행중인 이벤트"
    },
    {
        "id": 11,
        "imageUrl": "img/event/ev11.jpg",
        "title": "1인 가구를 위한 홈스타일링 제안",
        "date": "23.07.04 ~ 23.08.31",
        "status":"진행중인 이벤트"
    },
    {
        "id": 12,
        "imageUrl": "img/event/ev12.jpg",
        "title": "신상 특가로 가장 먼저 만나보세요.",
        "date": "23.07.04 ~ 23.08.31",
        "status":"진행중인 이벤트"
    },
    {
        "id": 13,
        "imageUrl": "img/event/ev13.jpg",
        "title": "먼지 없이 깔끔한 우리집 만들기",
        "date": "23.07.04 ~ 23.08.31",
        "status":"진행중인 이벤트"
    },
    {
        "id": 14,
        "imageUrl": "img/event/ev14.jpg",
        "title": "지난 한 달, 가장 주목받은 홈스타일링",
        "date": "23.07.04 ~ 23.08.31",
        "status":"진행중인 이벤트"
    },
    {
        "id": 15,
        "imageUrl": "img/event/ev15.jpg",
        "title": "공간을 바꾸는 커튼",
        "date": "23.07.04 ~ 23.08.31",
        "status":"진행중인 이벤트"
    },
    {
        "id": 16,
        "imageUrl": "img/event/ev16.jpg",
        "title": "무료배송 금액이 부족하다면?",
        "date": "23.07.04 ~ 23.08.31",
        "status":"진행중인 이벤트"
    }
]