[
    {
        "id": 1,
        "imageUrl": "/img/interior/in01.jpg",
        "title": "스피아노 망고 푸딩 단스탠드 SS-5900S",
        "price": "61,900",
        "category":"new_interior",
        "sort":"interior"
        
    },
    {
        "id": 2,
        "imageUrl": "img/interior/in02.png",
        "title": "뽀글이 개구리 인형",
        "price": "23,800",
        "category":"new_interior",
        "sort":"interior"
    },
    {
        "id": 3,
        "imageUrl": "img/interior/in03.jpg",
        "title": " 괴마옥 선인장 미니화분",
        "price": "22,000",
        "category":"new_interior",
        "sort":"interior"
    },
    {
        "id": 4,
        "imageUrl": "img/interior/in04.jpg",
        "title": "플러피 타임 클락 1'11'",
        "price": "69,000",
        "category":"new_interior",
        "sort":"interior"
    },
    {
        "id": 5,
        "imageUrl": "img/interior/in05.png",
        "title": "PUFFY BED BOOK (sky/black)",
        "price": "49,000",
        "category":"new_interior",
        "sort":"interior"
    },
    {
        "id": 6,
        "imageUrl": "img/interior/in06.jpg",
        "title": "IKEBANA HAUS |  gentle white gerbera",
        "price": "41,800",
        "sort":"interior"
    },
    {
        "id": 7,
        "imageUrl": "img/interior/in07.jpg",
        "title": "Line Floor Lamp Black",
        "price": "380,000",
        "sort":"interior"
    },
    {
        "id": 8,
        "imageUrl": "img/interior/in08.jpg",
        "title": "스트롤 소파 B type",
        "price": "1,690,000",
        "sort":"interior"
    },
    {
        "id": 9,
        "imageUrl": "img/interior/in09.jpg",
        "title": " 힌｜페블 플레이트 M · 스톤 화이트",
        "price": "38,000",
        "category":"weekly_interior",
        "sort":"interior"
    },
    {
        "id": 10,
        "imageUrl": "img/interior/in10.jpg",
        "title": "루미르R 포터블 램프 - 크롬 무선 조명",
        "price": "165,000",
        "category":"weekly_interior",
        "sort":"interior"
    },
    { 
        "id": 11,
        "imageUrl": "img/interior/in11.jpg",
        "title": "[HAY] Tint Wine Glass Set, Pink & Yellow (541224)",
        "price": "67,000",
        "category":"weekly_interior",
        "sort":"interior"
    },
    {
        "id": 12,
        "imageUrl": "img/interior/in12.jpg",
        "title": "Quater chair (12 colors)",
        "price": "530,000",
        "category":"weekly_interior",
        "sort":"interior"
    },
    {
        "id": 13,
        "imageUrl": "img/interior/in13.jpg",
        "title": "디어러브 디퓨저 150ml",
        "price": "21,000",
        "sort":"interior"
    },
    {
        "id": 14,
        "imageUrl": "img/interior/in14.jpg",
        "title": " GBH HOME STAINLESS STEEL TISSUE CASE (3 COLOR) 티슈케이스",
        "price": "115,000",
        "sort":"interior"
    },
    {
        "id": 15,
        "imageUrl": "img/interior/in15.jpg",
        "title": "[HAY] Analog Wall Clock, 2 colors",
        "price": "159,000",
        "category":"weekly_interior",
        "sort":"interior"
    },
    {
        "id": 16,
        "imageUrl": "img/interior/in16.jpg",
        "title": "[PALASET] Bear Moneybox Beige 핀란드 곰돌이 저금통",
        "price": "27,000",
        "sort":"interior"
    },
    {
        "id": 17,
        "imageUrl": "img/interior/in17.jpg",
        "title": "CARRY STOOL | OATMEAL",
        "price": "250,000",
        "sort":"interior"
    },
    {
        "id": 18,
        "imageUrl": "img/interior/in18.jpg",
        "title": "라움 프라임 원목 침대 프레임",
        "price": "398,000",
        "sort":"interior"
    },
    {
        "id": 19,
        "imageUrl": "img/interior/in19.jpg",
        "title": "[Samuel Smalls] [주문제작] Super Tube Mirror - Large(6color)",
        "price": "820,000",
        "sort":"interior"
    },
    {
        "id": 20,
        "imageUrl": "img/interior/in20.jpg",
        "title": "애플 쿠션 암체어 원목 인테리어 의자",
        "price": "118,000",
        "sort":"interior"
    },
    {
        "id": 21,
        "imageUrl": "img/interior/in21.jpg",
        "title": "Friendly wave shelves 프랜들리 웨이브 선반",
        "price": "1,550,000",
        "sort":"interior"
    },
    {
        "id": 22,
        "imageUrl": "img/interior/in22.jpg",
        "title": "윈터 원더랜드 성냥",
        "price": "5,500",
        "sort":"interior"
    },
    {
        "id": 23,
        "imageUrl": "img/interior/in23.jpg",
        "title": "글라스 빈티지 캔들 홀더 2type / 인테리어 오브제 촛대",
        "price": "16,900",
        "sort":"interior"
    },
    {
        "id": 24,
        "imageUrl": "img/interior/in24.jpg",
        "title": "Hinoki Pendulum Clock (BR)",
        "price": "215,000",
        "sort":"interior"
    },
    {
        "id": 25,
        "imageUrl": "img/interior/in25.jpg",
        "title": "세토 8칸 서랍장",
        "price": "783,000",
        "sort":"interior"
    },
    {
        "id": 26,
        "imageUrl": "img/interior/in26.jpg",
        "title": "리틀띵스 인테리어 빅스티커 (리무버블)",
        "price": "9,500",
        "sort":"interior"
    },
    {
        "id": 27,
        "imageUrl": "img/interior/in27.jpg",
        "title": " 레어로우 워크 테이블 (18 Colors)",
        "price": "450,000",
        "sort":"interior"
    },
    {
        "id": 28,
        "imageUrl": "/img/kitchen/ki01.jpg",
        "title": "물빠짐 구멍 스텐 설거지통 10L",
        "price": "36,600",
        "sort":"kitchen"
    },
    {
        "id": 29,
        "imageUrl": "img/kitchen/ki02.jpg",
        "title": "오븐 사용 가능한 스텐 웨이브 트레이 [뚜껑+트레이] 2종세트",
        "price": "15,900",
        "category":"new_kitchen",
        "sort":"kitchen"
    },
    {
        "id": 30,
        "imageUrl": "img/kitchen/ki03.jpg",
        "title": "에델 실리콘 조리도구 라이트 7종세트",
        "price": "32,900",
        "category":"new_kitchen",
        "sort":"kitchen"
    },
    {
        "id": 31,
        "imageUrl": "img/kitchen/ki04.jpg",
        "title": "스텐 원형 메쉬 트레이 [채반+트레이] 3종세트 소/대/특대'",
        "price": "22,000",
        "category":"new_kitchen",
        "sort":"kitchen"
    },
    {
        "id": 32,
        "imageUrl": "img/kitchen/ki05.jpg",
        "title": " 칼리타 핸드밀 KH-110 BR",
        "price": "26,900",
        "sort":"kitchen"
    },
    {
        "id": 33,
        "imageUrl": "img/kitchen/ki06.jpg",
        "title": "펠로우 스태그 EKG 전기 드립포트 900ml - 블랙",
        "price": "312,000",
        "category":"new_kitchen",
        "sort":"kitchen"
    },
    {
        "id": 34,
        "imageUrl": "img/kitchen/ki07.jpg",
        "title": "하리오 V60 글라스 서버 600ml - 올리브 우드(VCWN-60-OV)",
        "price": "65,000",
        "sort":"kitchen"
    },
    {
        "id": 35,
        "imageUrl": "img/kitchen/ki08.jpg",
        "title": "나쵸칩 감자칩 집게",
        "price": "800",
        "sort":"kitchen"
    },
    {
        "id": 36,
        "imageUrl": "img/kitchen/ki09.jpg",
        "title": " 커브형 내열 유리빨대 컬러 5종",
        "price": "1,000",
        "category":"weekly_kitchen",
        "sort":"kitchen"
    },
    {
        "id": 37,
        "imageUrl": "img/kitchen/ki10.jpg",
        "title": "헤리티지 1인 티타임 세트",
        "price": "74,000",
        "sort":"kitchen"
    },
    { 
        "id": 38,
        "imageUrl": "img/kitchen/ki11.jpg",
        "title": "소일 _ 작은접시, 앞접시 (4colors)",
        "price": "27,000",
        "category":"weekly_kitchen",
        "sort":"kitchen"
    },
    {
        "id": 39,
        "imageUrl": "img/kitchen/ki12.jpg",
        "title": "[선물용] 아이보리앤도트 머그& 튜브플레이트 선물세트 1인 디저트 홈카페",
        "price": "29,600",
        "sort":"kitchen"
    },
    {
        "id": 40,
        "imageUrl": "img/kitchen/ki13.jpg",
        "title": "아카디아 오발 플레터 33cm Oval platter_ ARCADIA",
        "price": "360,000",
        "sort":"kitchen"
    },
    {
        "id": 41,
        "imageUrl": "img/kitchen/ki14.png",
        "title": "온서 4인 혼수세트 28p (4 color)",
        "price": "744,000",
        "sort":"kitchen"
    },
    {
        "id": 42,
        "imageUrl": "img/kitchen/ki15.jpg",
        "title": "[ANNOVA] 아노바 오레오 커트러리 - 아이보리",
        "price": "4,000",
        "sort":"kitchen"
    },
    {
        "id": 43,
        "imageUrl": "img/kitchen/ki16.jpg",
        "title": "레토 블록 디너커트러리 (2color 스푼포크나이프 브런치 다이닝)",
        "price": "10,600",
        "sort":"kitchen"
    },
    {
        "id": 44,
        "imageUrl": "img/kitchen/ki17.jpg",
        "title": "파리 인 모먼트 플랫 스텐텀블러 [보온/보냉]",
        "price": "21,000",
        "sort":"kitchen"
    },
    {
        "id": 45,
        "imageUrl": "img/kitchen/ki18.jpg",
        "title": "뉴달주병세트_백야/청야 (2colors)",
        "price": "65,000",
        "category":"new_kitchen",
        "sort":"kitchen"
    },
    {
        "id": 46,
        "imageUrl": "img/kitchen/ki19.jpg",
        "title": "오브 실리콘 식탁매트",
        "price": "8,400",
        "sort":"kitchen"
    },
    {
        "id": 47,
        "imageUrl": "img/kitchen/ki20.jpg",
        "title": "[베지테이블] 미니플레이트 4종 세트 (가지,땅콩호박,햇밤,완두콩)",
        "price": "31,600",
        "sort":"kitchen"
    },
    {
        "id": 48,
        "imageUrl": "img/kitchen/ki21.jpg",
        "title": "[HAY] Tint Wine Glass Set, Grey (541223) (예약주문)",
        "price": "67,000",
        "sort":"kitchen"
    },
    {
        "id": 49,
        "imageUrl": "img/kitchen/ki22.jpg",
        "title": "원형 꼬꼬떼 18cm 블랙 ST101825",
        "price": "43,600",
        "sort":"kitchen"
    },
    {
        "id": 50,
        "imageUrl": "img/kitchen/ki23.jpg",
        "title": "프라이어 미니 부탄 가스 버너 스토브 케이스포함",
        "price": "99,000",
        "sort":"kitchen"
    },
    {
        "id": 51,
        "imageUrl": "img/kitchen/ki24.jpg",
        "title": "황동 골드 메탈 오프너 병따개",
        "price": "25,000",
        "category":"weekly_kitchen",
        "sort":"kitchen"
    },
    {
        "id": 52,
        "imageUrl": "img/kitchen/ki25.jpg",
        "title": "피카 IH(인덕션) 프라이팬 24cm",
        "price": "42,000",
        "category":"weekly_kitchen",
        "sort":"kitchen"
    },
    {
        "id": 53,
        "imageUrl": "img/kitchen/ki26.jpg",
        "title": "헤리티지 목단 현玄 커피잔 2조 세트 (4p)",
        "price": "560,000",
        "category":"weekly_kitchen",
        "sort":"kitchen"
    },
    {
        "id": 54,
        "imageUrl": "/img/fabric/fa01.jpg",
        "title": "패턴 양면 4중 거즈 블랭킷-핑크/블루",
        "price": "39,000",
        "category":"weekly_fabric",
        "sort":"fabric"
    },
    {
        "id": 55,
        "imageUrl": "img/fabric/fa02.jpg",
        "title": "(uni)그라운드 로브 그린스트라이프 w/ Village pkg",
        "price": "55,000",
        "category":"new_fabric",
        "sort":"fabric"
    },
    {
        "id": 56,
        "imageUrl": "img/fabric/fa03.jpg",
        "title": "Happy Bunny Tissuebox Cover",
        "price": "19,000",
        "sort":"fabric"
    },
    {
        "id": 57,
        "imageUrl": "img/fabric/fa04.jpg",
        "title": "아르네 러그 - 데이지 - 차콜 (50x120)",
        "price": "77,000",
        "sort":"fabric"
    },
    {
        "id": 58,
        "imageUrl": "img/fabric/fa05.jpg",
        "title": "GBH HOME LONG APRON (3 COLOR) 앞치마",
        "price": "38,000",
        "sort":"fabric"
    },
    {
        "id": 59,
        "imageUrl": "img/fabric/fa06.jpg",
        "title": "bookaz 게으른 뚱보토끼 토둥이 필로우 인형 귀여운 동물 쿠션 집들이 선물",
        "price": "26,800",
        "category":"weekly_fabric",
        "sort":"fabric"
    },
    {
        "id": 60,
        "imageUrl": "img/fabric/fa07.jpg",
        "title": "마레 온도조절 사계절 차렵이불",
        "price": "132,250",
        "category":"weekly_fabric",
        "sort":"fabric"
    },
    {
        "id": 61,
        "imageUrl": "img/fabric/fa08.jpg",
        "title": " big waves duvet cover - mint",
        "price": "300,000",
        "category":"new_fabric",
        "sort":"fabric"
    },
    {
        "id": 62,
        "imageUrl": "img/fabric/fa09.jpg",
        "title": "베베클래식 알러지케어 다운필 키즈 베개솜(40X60)",
        "price": "33,200",
        "category":"new_fabric",
        "sort":"fabric"
    },
    {
        "id": 63,
        "imageUrl": "img/fabric/fa10.jpg",
        "title": "라이트 매트리스 - 내추럴 (SS/Q/K)",
        "price": "450,000",
        "sort":"fabric"
    },
    { 
        "id": 64,
        "imageUrl": "img/fabric/fa11.jpg",
        "title": "폴란드산 화이트 구스다운 이불속통 사계절용",
        "price": "699,000",
        "sort":"fabric"
    },
    {
        "id": 65,
        "imageUrl": "img/fabric/fa12.jpg",
        "title": "[멜로우린넨 커튼_white",
        "price": "78,000",
        "category":"weekly_fabric",
        "sort":"fabric"
    },
    {
        "id": 66,
        "imageUrl": "img/fabric/fa13.jpg",
        "title": "TREE&TREE FABRIC - GREEN",
        "price": "49,000",
        "sort":"fabric"
    },
    {
        "id": 67,
        "imageUrl": "img/fabric/fa14.jpg",
        "title": " wave hole knit blanket 순면 니트 블랭킷",
        "price": "98,000",
        "sort":"fabric"
    },
    {
        "id": 68,
        "imageUrl": "img/fabric/fa15.jpg",
        "title": "먼지없는 알러지케어 원형방석 식탁 의자방석 커버 4colors",
        "price": "19,000",
        "category":"new_fabric",
        "sort":"fabric"
    },
    {
        "id": 69,
        "imageUrl": "img/fabric/fa16.jpg",
        "title": "자가드 프리미엄 주방매트(45X120) 11종",
        "price": "39,900",
        "sort":"fabric"
    },
    {
        "id": 70,
        "imageUrl": "img/fabric/fa17.png",
        "title": "레트로 레인보우 인형 L",
        "price": "30,800",
        "sort":"fabric"
    },
    {
        "id": 71,
        "imageUrl": "img/fabric/fa18.jpg",
        "title": "[개별 선물 포장] 시고르자브종 꼬질 티슈커버 티슈케이스",
        "price": "28,900",
        "sort":"fabric"
    },
    {
        "id": 72,
        "imageUrl": "img/fabric/fa19.jpg",
        "title": "파라다이스 스트라이프 홑겹이불",
        "price": "42,000",
        "category":"new_fabric",
        "sort":"fabric"
    },
    {
        "id": 73,
        "imageUrl": "img/fabric/fa20.jpg",
        "title": "뽀송 구름 베개솜(40X60/50X70cm)",
        "price": "4,900",
        "sort":"fabric"
    },
    {
        "id": 74,
        "imageUrl": "img/fabric/fa21.jpg",
        "title": " 세이지 고밀도 60수 면 매트리스커버 (SS/Q)",
        "price": "61,150",
        "sort":"fabric"
    },
    {
        "id": 75,
        "imageUrl": "img/fabric/fa22.jpg",
        "title": "Waffle Summer Robe, Pink",
        "price": "148,000",
        "sort":"fabric"
    },
    {
        "id": 76,
        "imageUrl": "img/fabric/fa23.jpg",
        "title": "HANDKERCHIEF SET (IVORY)",
        "price": "15,000",
        "category":"weekly_fabric",
        "sort":"fabric"
    },
    {
        "id": 77,
        "imageUrl": "img/fabric/fa24.jpg",
        "title": "[HAY] Outline Napkins Set Of 4, 라이트 블루 (541380)",
        "price": "64,000",
        "sort":"fabric"
    },
    {
        "id": 78,
        "imageUrl": "img/fabric/fa25.jpg",
        "title": "제주 오름 이불 베개 커버 세트 (SS/Q/K)",
        "price": "248,000",
        "sort":"fabric"
    }
]