[
    {
        "id": 1,
        "imageUrl": "/img/slide/in00.jpg",
        "mobile_imageUrl":"/img/slide/in00_m.jpg",
        "category":"interior"
    },
    {
        "id": 2,
        "imageUrl": "/img/slide/in01.jpg",
        "mobile_imageUrl":"/img/slide/in01_m.jpg",
        "category":"interior",
        "title":"일하는 이들을 위해",
        "subTitle":"RARERAW"
    },
    {
        "id": 3,
        "imageUrl": "/img/slide/in02.jpg",
        "mobile_imageUrl":"/img/slide/in02_m.jpg",
        "category":"interior",
        "title":"고요한 빛",
        "subTitle":"LUMIR"
    },
    {
        "id": 4,
        "imageUrl": "/img/slide/in03.jpg",
        "mobile_imageUrl":"/img/slide/in03_m.jpg",
        "category":"interior",
        "title":"디자이너 가구 모음",
        "subTitle":"BRAND HIGHLIGH"
    },
    {
        "id": 5,
        "imageUrl": "/img/slide/fa01.jpg",
        "mobile_imageUrl":"/img/slide/fa01_m.jpg",
        "category":"fabric",
        "title":"욕실에 더하는 취향",
        "subTitle":"#BATH ITEM"
    },
    {
        "id": 6,
        "imageUrl": "/img/slide/fa02.jpg",
        "mobile_imageUrl":"/img/slide/fa02_m.jpg",
        "category":"fabric",
        "title":"여행과 어울리는",
        "subTitle":"VILLA PHARMACY"
    },
    {
        "id": 7,
        "imageUrl": "/img/slide/fa03.jpg",
        "mobile_imageUrl":"/img/slide/fa03_m.jpg",
        "category":"fabric"
    },
    {
        "id": 8,
        "imageUrl": "/img/slide/ki01.jpg",
        "mobile_imageUrl":"/img/slide/ki01_m.jpg",
        "category":"kitchen"
    },
    {
        "id": 9,
        "imageUrl": "/img/slide/ki02.jpg",
        "mobile_imageUrl":"/img/slide/ki02_m.jpg",
        "category":"kitchen",
        "title":"백지 위 맑고 흰 빛",
        "subTitle":"WHITEBLOOM"
    },
    {
        "id": 10,
        "imageUrl": "/img/slide/ki03.jpg",
        "mobile_imageUrl":"/img/slide/ki03_m.jpg",
        "category":"kitchen",
        "title":"눈이 먼저 반응하는",
        "subTitle":"#KICHEN ITEM"
    },
    {
        "id": 11,
        "imageUrl": "/img/slide/ki04.jpg",
        "mobile_imageUrl":"/img/slide/ki04_m.jpg",
        "category":"kitchen",
        "title":"텀블러에 담은 취향",
        "subTitle":"LOCKnLOCK"
    }
]